0	job0	1762	0	14347	1334329752	30	10	15	25	1	1	inputPath1	
1	job1	970	609	697	1334329783	30	10	15	25	1	1	inputPath2	
2	job2	53088744165	1510005522	5759777	1334329814	3000	30000	10000	40000	800	10	inputPath3	
3	job3	61873748853	1387369304	5840114	1334329823	4000	40000	15000	55000	900	10	
4	job4	404	22	191	1334329826	30	10	15	25	1	1	
5	job5	1483413	0	17296097682	1334329836	1000	100	30000	30100	1	100	
6	job6	404	22	191	1334329839	30	10	15	25	1	1	inputPath7	outputPath7	
7	job7	25526958	300	24106570	1334329845	50	20	25	45	1	1	inputPath8	outputPath8	
8	job8	6913085573	1380194628	2464	1334329853	400	4000	1500	5500	90	2	inputPath9	outputPath9	
9	job9	123701	0	1480875	1334329861	20	10	5	15	1	1	inputPath10	outputPath10	
10	job10	1762	0	14347	1334329961	30	10	15	25	1	1	inputPath1	
11	job11	970	609	697	1334329992	30	10	15	25	1	1	inputPath2	
12	job12	53088744165	1510005522	5759777	1334330023	3000	30000	10000	40000	800	10	inputPath3	
13	job13	61873748853	1387369304	5840114	1334330032	4000	40000	15000	55000	900	10	
14	job14	404	22	191	1334330035	30	10	15	25	1	1	
15	job15	1483413	0	17296097682	1334330045	1000	100	30000	30100	1	100	
16	job16	404	22	191	1334330048	30	10	15	25	1	1	inputPath7	outputPath7	
17	job17	25526958	300	24106570	1334330054	50	20	25	45	1	1	inputPath8	outputPath8	
18	job18	6913085573	1380194628	2464	1334330062	400	4000	1500	5500	90	2	inputPath9	outputPath9	
19	job19	123701	0	1480875	1334330070	20	10	5	15	1	1	inputPath10	outputPath10	
20	job20	1762	0	14347	1334330170	30	10	15	25	1	1	inputPath1	
21	job21	970	609	697	1334330201	30	10	15	25	1	1	inputPath2	
22	job22	53088744165	1510005522	5759777	1334330232	3000	30000	10000	40000	800	10	inputPath3	
23	job23	61873748853	1387369304	5840114	1334330241	4000	40000	15000	55000	900	10	
24	job24	404	22	191	1334330244	30	10	15	25	1	1	
25	job25	1483413	0	17296097682	1334330254	1000	100	30000	30100	1	100	
26	job26	404	22	191	1334330257	30	10	15	25	1	1	inputPath7	outputPath7	
27	job27	25526958	300	24106570	1334330263	50	20	25	45	1	1	inputPath8	outputPath8	
28	job28	6913085573	1380194628	2464	1334330271	400	4000	1500	5500	90	2	inputPath9	outputPath9	
29	job29	123701	0	1480875	1334330279	20	10	5	15	1	1	inputPath10	outputPath10	
30	job30	1762	0	14347	1334330379	30	10	15	25	1	1	inputPath1	
31	job31	970	609	697	1334330410	30	10	15	25	1	1	inputPath2	
32	job32	53088744165	1510005522	5759777	1334330441	3000	30000	10000	40000	800	10	inputPath3	
33	job33	61873748853	1387369304	5840114	1334330450	4000	40000	15000	55000	900	10	
34	job34	404	22	191	1334330453	30	10	15	25	1	1	
35	job35	1483413	0	17296097682	1334330463	1000	100	30000	30100	1	100	
36	job36	404	22	191	1334330466	30	10	15	25	1	1	inputPath7	outputPath7	
37	job37	25526958	300	24106570	1334330472	50	20	25	45	1	1	inputPath8	outputPath8	
38	job38	6913085573	1380194628	2464	1334330480	400	4000	1500	5500	90	2	inputPath9	outputPath9	
39	job39	123701	0	1480875	1334330488	20	10	5	15	1	1	inputPath10	outputPath10	
40	job40	1762	0	14347	1334330588	30	10	15	25	1	1	inputPath1	
41	job41	970	609	697	1334330619	30	10	15	25	1	1	inputPath2	
42	job42	53088744165	1510005522	5759777	1334330650	3000	30000	10000	40000	800	10	inputPath3	
43	job43	61873748853	1387369304	5840114	1334330659	4000	40000	15000	55000	900	10	
44	job44	404	22	191	1334330662	30	10	15	25	1	1	
45	job45	1483413	0	17296097682	1334330672	1000	100	30000	30100	1	100	
46	job46	404	22	191	1334330675	30	10	15	25	1	1	inputPath7	outputPath7	
47	job47	25526958	300	24106570	1334330681	50	20	25	45	1	1	inputPath8	outputPath8	
48	job48	6913085573	1380194628	2464	1334330689	400	4000	1500	5500	90	2	inputPath9	outputPath9	
49	job49	123701	0	1480875	1334330697	20	10	5	15	1	1	inputPath10	outputPath10	
50	job50	1762	0	14347	1334330797	30	10	15	25	1	1	inputPath1	
51	job51	970	609	697	1334330828	30	10	15	25	1	1	inputPath2	
52	job52	53088744165	1510005522	5759777	1334330859	3000	30000	10000	40000	800	10	inputPath3	
53	job53	61873748853	1387369304	5840114	1334330868	4000	40000	15000	55000	900	10	
54	job54	404	22	191	1334330871	30	10	15	25	1	1	
55	job55	1483413	0	17296097682	1334330881	1000	100	30000	30100	1	100	
56	job56	404	22	191	1334330884	30	10	15	25	1	1	inputPath7	outputPath7	
57	job57	25526958	300	24106570	1334330890	50	20	25	45	1	1	inputPath8	outputPath8	
58	job58	6913085573	1380194628	2464	1334330898	400	4000	1500	5500	90	2	inputPath9	outputPath9	
59	job59	123701	0	1480875	1334330906	20	10	5	15	1	1	inputPath10	outputPath10	
60	job60	1762	0	14347	1334331006	30	10	15	25	1	1	inputPath1	
61	job61	970	609	697	1334331037	30	10	15	25	1	1	inputPath2	
62	job62	53088744165	1510005522	5759777	1334331068	3000	30000	10000	40000	800	10	inputPath3	
63	job63	61873748853	1387369304	5840114	1334331077	4000	40000	15000	55000	900	10	
64	job64	404	22	191	1334331080	30	10	15	25	1	1	
65	job65	1483413	0	17296097682	1334331090	1000	100	30000	30100	1	100	
66	job66	404	22	191	1334331093	30	10	15	25	1	1	inputPath7	outputPath7	
67	job67	25526958	300	24106570	1334331099	50	20	25	45	1	1	inputPath8	outputPath8	
68	job68	6913085573	1380194628	2464	1334331107	400	4000	1500	5500	90	2	inputPath9	outputPath9	
69	job69	123701	0	1480875	1334331115	20	10	5	15	1	1	inputPath10	outputPath10	
70	job70	1762	0	14347	1334331215	30	10	15	25	1	1	inputPath1	
71	job71	970	609	697	1334331246	30	10	15	25	1	1	inputPath2	
72	job72	53088744165	1510005522	5759777	1334331277	3000	30000	10000	40000	800	10	inputPath3	
73	job73	61873748853	1387369304	5840114	1334331286	4000	40000	15000	55000	900	10	
74	job74	404	22	191	1334331289	30	10	15	25	1	1	
75	job75	1483413	0	17296097682	1334331299	1000	100	30000	30100	1	100	
76	job76	404	22	191	1334331302	30	10	15	25	1	1	inputPath7	outputPath7	
77	job77	25526958	300	24106570	1334331308	50	20	25	45	1	1	inputPath8	outputPath8	
78	job78	6913085573	1380194628	2464	1334331316	400	4000	1500	5500	90	2	inputPath9	outputPath9	
79	job79	123701	0	1480875	1334331324	20	10	5	15	1	1	inputPath10	outputPath10	
80	job80	1762	0	14347	1334331424	30	10	15	25	1	1	inputPath1	
81	job81	970	609	697	1334331455	30	10	15	25	1	1	inputPath2	
82	job82	53088744165	1510005522	5759777	1334331486	3000	30000	10000	40000	800	10	inputPath3	
83	job83	61873748853	1387369304	5840114	1334331495	4000	40000	15000	55000	900	10	
84	job84	404	22	191	1334331498	30	10	15	25	1	1	
85	job85	1483413	0	17296097682	1334331508	1000	100	30000	30100	1	100	
86	job86	404	22	191	1334331511	30	10	15	25	1	1	inputPath7	outputPath7	
87	job87	25526958	300	24106570	1334331517	50	20	25	45	1	1	inputPath8	outputPath8	
88	job88	6913085573	1380194628	2464	1334331525	400	4000	1500	5500	90	2	inputPath9	outputPath9	
89	job89	123701	0	1480875	1334331533	20	10	5	15	1	1	inputPath10	outputPath10	
90	job90	1762	0	14347	1334331633	30	10	15	25	1	1	inputPath1	
91	job91	970	609	697	1334331664	30	10	15	25	1	1	inputPath2	
92	job92	53088744165	1510005522	5759777	1334331695	3000	30000	10000	40000	800	10	inputPath3	
93	job93	61873748853	1387369304	5840114	1334331704	4000	40000	15000	55000	900	10	
94	job94	404	22	191	1334331707	30	10	15	25	1	1	
95	job95	1483413	0	17296097682	1334331717	1000	100	30000	30100	1	100	
96	job96	404	22	191	1334331720	30	10	15	25	1	1	inputPath7	outputPath7	
97	job97	25526958	300	24106570	1334331726	50	20	25	45	1	1	inputPath8	outputPath8	
98	job98	6913085573	1380194628	2464	1334331734	400	4000	1500	5500	90	2	inputPath9	outputPath9	
99	job99	123701	0	1480875	1334331742	20	10	5	15	1	1	inputPath10	outputPath10	
100	job100	1762	0	14347	1334331842	30	10	15	25	1	1	inputPath1	
101	job101	970	609	697	1334331873	30	10	15	25	1	1	inputPath2	
102	job102	53088744165	1510005522	5759777	1334331904	3000	30000	10000	40000	800	10	inputPath3	
103	job103	61873748853	1387369304	5840114	1334331913	4000	40000	15000	55000	900	10	
104	job104	404	22	191	1334331916	30	10	15	25	1	1	
105	job105	1483413	0	17296097682	1334331926	1000	100	30000	30100	1	100	
106	job106	404	22	191	1334331929	30	10	15	25	1	1	inputPath7	outputPath7	
107	job107	25526958	300	24106570	1334331935	50	20	25	45	1	1	inputPath8	outputPath8	
108	job108	6913085573	1380194628	2464	1334331943	400	4000	1500	5500	90	2	inputPath9	outputPath9	
109	job109	123701	0	1480875	1334331951	20	10	5	15	1	1	inputPath10	outputPath10	
110	job110	1762	0	14347	1334332051	30	10	15	25	1	1	inputPath1	
111	job111	970	609	697	1334332082	30	10	15	25	1	1	inputPath2	
112	job112	53088744165	1510005522	5759777	1334332113	3000	30000	10000	40000	800	10	inputPath3	
113	job113	61873748853	1387369304	5840114	1334332122	4000	40000	15000	55000	900	10	
114	job114	404	22	191	1334332125	30	10	15	25	1	1	
115	job115	1483413	0	17296097682	1334332135	1000	100	30000	30100	1	100	
116	job116	404	22	191	1334332138	30	10	15	25	1	1	inputPath7	outputPath7	
117	job117	25526958	300	24106570	1334332144	50	20	25	45	1	1	inputPath8	outputPath8	
118	job118	6913085573	1380194628	2464	1334332152	400	4000	1500	5500	90	2	inputPath9	outputPath9	
119	job119	123701	0	1480875	1334332160	20	10	5	15	1	1	inputPath10	outputPath10	
120	job120	1762	0	14347	1334332260	30	10	15	25	1	1	inputPath1	
121	job121	970	609	697	1334332291	30	10	15	25	1	1	inputPath2	
122	job122	53088744165	1510005522	5759777	1334332322	3000	30000	10000	40000	800	10	inputPath3	
123	job123	61873748853	1387369304	5840114	1334332331	4000	40000	15000	55000	900	10	
124	job124	404	22	191	1334332334	30	10	15	25	1	1	
125	job125	1483413	0	17296097682	1334332344	1000	100	30000	30100	1	100	
126	job126	404	22	191	1334332347	30	10	15	25	1	1	inputPath7	outputPath7	
127	job127	25526958	300	24106570	1334332353	50	20	25	45	1	1	inputPath8	outputPath8	
128	job128	6913085573	1380194628	2464	1334332361	400	4000	1500	5500	90	2	inputPath9	outputPath9	
129	job129	123701	0	1480875	1334332369	20	10	5	15	1	1	inputPath10	outputPath10	
130	job130	1762	0	14347	1334332469	30	10	15	25	1	1	inputPath1	
131	job131	970	609	697	1334332500	30	10	15	25	1	1	inputPath2	
132	job132	53088744165	1510005522	5759777	1334332531	3000	30000	10000	40000	800	10	inputPath3	
133	job133	61873748853	1387369304	5840114	1334332540	4000	40000	15000	55000	900	10	
134	job134	404	22	191	1334332543	30	10	15	25	1	1	
135	job135	1483413	0	17296097682	1334332553	1000	100	30000	30100	1	100	
136	job136	404	22	191	1334332556	30	10	15	25	1	1	inputPath7	outputPath7	
137	job137	25526958	300	24106570	1334332562	50	20	25	45	1	1	inputPath8	outputPath8	
138	job138	6913085573	1380194628	2464	1334332570	400	4000	1500	5500	90	2	inputPath9	outputPath9	
139	job139	123701	0	1480875	1334332578	20	10	5	15	1	1	inputPath10	outputPath10	
140	job140	1762	0	14347	1334332678	30	10	15	25	1	1	inputPath1	
141	job141	970	609	697	1334332709	30	10	15	25	1	1	inputPath2	
142	job142	53088744165	1510005522	5759777	1334332740	3000	30000	10000	40000	800	10	inputPath3	
143	job143	61873748853	1387369304	5840114	1334332749	4000	40000	15000	55000	900	10	
144	job144	404	22	191	1334332752	30	10	15	25	1	1	
145	job145	1483413	0	17296097682	1334332762	1000	100	30000	30100	1	100	
146	job146	404	22	191	1334332765	30	10	15	25	1	1	inputPath7	outputPath7	
147	job147	25526958	300	24106570	1334332771	50	20	25	45	1	1	inputPath8	outputPath8	
148	job148	6913085573	1380194628	2464	1334332779	400	4000	1500	5500	90	2	inputPath9	outputPath9	
149	job149	123701	0	1480875	1334332787	20	10	5	15	1	1	inputPath10	outputPath10	
150	job150	1762	0	14347	1334332887	30	10	15	25	1	1	inputPath1	
151	job151	970	609	697	1334332918	30	10	15	25	1	1	inputPath2	
152	job152	53088744165	1510005522	5759777	1334332949	3000	30000	10000	40000	800	10	inputPath3	
153	job153	61873748853	1387369304	5840114	1334332958	4000	40000	15000	55000	900	10	
154	job154	404	22	191	1334332961	30	10	15	25	1	1	
155	job155	1483413	0	17296097682	1334332971	1000	100	30000	30100	1	100	
156	job156	404	22	191	1334332974	30	10	15	25	1	1	inputPath7	outputPath7	
157	job157	25526958	300	24106570	1334332980	50	20	25	45	1	1	inputPath8	outputPath8	
158	job158	6913085573	1380194628	2464	1334332988	400	4000	1500	5500	90	2	inputPath9	outputPath9	
159	job159	123701	0	1480875	1334332996	20	10	5	15	1	1	inputPath10	outputPath10	
160	job160	1762	0	14347	1334333096	30	10	15	25	1	1	inputPath1	
161	job161	970	609	697	1334333127	30	10	15	25	1	1	inputPath2	
162	job162	53088744165	1510005522	5759777	1334333158	3000	30000	10000	40000	800	10	inputPath3	
163	job163	61873748853	1387369304	5840114	1334333167	4000	40000	15000	55000	900	10	
164	job164	404	22	191	1334333170	30	10	15	25	1	1	
165	job165	1483413	0	17296097682	1334333180	1000	100	30000	30100	1	100	
166	job166	404	22	191	1334333183	30	10	15	25	1	1	inputPath7	outputPath7	
167	job167	25526958	300	24106570	1334333189	50	20	25	45	1	1	inputPath8	outputPath8	
168	job168	6913085573	1380194628	2464	1334333197	400	4000	1500	5500	90	2	inputPath9	outputPath9	
169	job169	123701	0	1480875	1334333205	20	10	5	15	1	1	inputPath10	outputPath10	
170	job170	1762	0	14347	1334333305	30	10	15	25	1	1	inputPath1	
171	job171	970	609	697	1334333336	30	10	15	25	1	1	inputPath2	
172	job172	53088744165	1510005522	5759777	1334333367	3000	30000	10000	40000	800	10	inputPath3	
173	job173	61873748853	1387369304	5840114	1334333376	4000	40000	15000	55000	900	10	
174	job174	404	22	191	1334333379	30	10	15	25	1	1	
175	job175	1483413	0	17296097682	1334333389	1000	100	30000	30100	1	100	
176	job176	404	22	191	1334333392	30	10	15	25	1	1	inputPath7	outputPath7	
177	job177	25526958	300	24106570	1334333398	50	20	25	45	1	1	inputPath8	outputPath8	
178	job178	6913085573	1380194628	2464	1334333406	400	4000	1500	5500	90	2	inputPath9	outputPath9	
179	job179	123701	0	1480875	1334333414	20	10	5	15	1	1	inputPath10	outputPath10	
180	job180	1762	0	14347	1334333514	30	10	15	25	1	1	inputPath1	
181	job181	970	609	697	1334333545	30	10	15	25	1	1	inputPath2	
182	job182	53088744165	1510005522	5759777	1334333576	3000	30000	10000	40000	800	10	inputPath3	
183	job183	61873748853	1387369304	5840114	1334333585	4000	40000	15000	55000	900	10	
184	job184	404	22	191	1334333588	30	10	15	25	1	1	
185	job185	1483413	0	17296097682	1334333598	1000	100	30000	30100	1	100	
186	job186	404	22	191	1334333601	30	10	15	25	1	1	inputPath7	outputPath7	
187	job187	25526958	300	24106570	1334333607	50	20	25	45	1	1	inputPath8	outputPath8	
188	job188	6913085573	1380194628	2464	1334333615	400	4000	1500	5500	90	2	inputPath9	outputPath9	
189	job189	123701	0	1480875	1334333623	20	10	5	15	1	1	inputPath10	outputPath10	
190	job190	1762	0	14347	1334333723	30	10	15	25	1	1	inputPath1	
191	job191	970	609	697	1334333754	30	10	15	25	1	1	inputPath2	
192	job192	53088744165	1510005522	5759777	1334333785	3000	30000	10000	40000	800	10	inputPath3	
193	job193	61873748853	1387369304	5840114	1334333794	4000	40000	15000	55000	900	10	
194	job194	404	22	191	1334333797	30	10	15	25	1	1	
195	job195	1483413	0	17296097682	1334333807	1000	100	30000	30100	1	100	
196	job196	404	22	191	1334333810	30	10	15	25	1	1	inputPath7	outputPath7	
197	job197	25526958	300	24106570	1334333816	50	20	25	45	1	1	inputPath8	outputPath8	
198	job198	6913085573	1380194628	2464	1334333824	400	4000	1500	5500	90	2	inputPath9	outputPath9	
199	job199	123701	0	1480875	1334333832	20	10	5	15	1	1	inputPath10	outputPath10	
200	job200	1762	0	14347	1334333932	30	10	15	25	1	1	inputPath1	
201	job201	970	609	697	1334333963	30	10	15	25	1	1	inputPath2	
202	job202	53088744165	1510005522	5759777	1334333994	3000	30000	10000	40000	800	10	inputPath3	
203	job203	61873748853	1387369304	5840114	1334334003	4000	40000	15000	55000	900	10	
204	job204	404	22	191	1334334006	30	10	15	25	1	1	
205	job205	1483413	0	17296097682	1334334016	1000	100	30000	30100	1	100	
206	job206	404	22	191	1334334019	30	10	15	25	1	1	inputPath7	outputPath7	
207	job207	25526958	300	24106570	1334334025	50	20	25	45	1	1	inputPath8	outputPath8	
208	job208	6913085573	1380194628	2464	1334334033	400	4000	1500	5500	90	2	inputPath9	outputPath9	
209	job209	123701	0	1480875	1334334041	20	10	5	15	1	1	inputPath10	outputPath10	
210	job210	1762	0	14347	1334334141	30	10	15	25	1	1	inputPath1	
211	job211	970	609	697	1334334172	30	10	15	25	1	1	inputPath2	
212	job212	53088744165	1510005522	5759777	1334334203	3000	30000	10000	40000	800	10	inputPath3	
213	job213	61873748853	1387369304	5840114	1334334212	4000	40000	15000	55000	900	10	
214	job214	404	22	191	1334334215	30	10	15	25	1	1	
215	job215	1483413	0	17296097682	1334334225	1000	100	30000	30100	1	100	
216	job216	404	22	191	1334334228	30	10	15	25	1	1	inputPath7	outputPath7	
217	job217	25526958	300	24106570	1334334234	50	20	25	45	1	1	inputPath8	outputPath8	
218	job218	6913085573	1380194628	2464	1334334242	400	4000	1500	5500	90	2	inputPath9	outputPath9	
219	job219	123701	0	1480875	1334334250	20	10	5	15	1	1	inputPath10	outputPath10	
220	job220	1762	0	14347	1334334350	30	10	15	25	1	1	inputPath1	
221	job221	970	609	697	1334334381	30	10	15	25	1	1	inputPath2	
222	job222	53088744165	1510005522	5759777	1334334412	3000	30000	10000	40000	800	10	inputPath3	
223	job223	61873748853	1387369304	5840114	1334334421	4000	40000	15000	55000	900	10	
224	job224	404	22	191	1334334424	30	10	15	25	1	1	
225	job225	1483413	0	17296097682	1334334434	1000	100	30000	30100	1	100	
226	job226	404	22	191	1334334437	30	10	15	25	1	1	inputPath7	outputPath7	
227	job227	25526958	300	24106570	1334334443	50	20	25	45	1	1	inputPath8	outputPath8	
228	job228	6913085573	1380194628	2464	1334334451	400	4000	1500	5500	90	2	inputPath9	outputPath9	
229	job229	123701	0	1480875	1334334459	20	10	5	15	1	1	inputPath10	outputPath10	
230	job230	1762	0	14347	1334334559	30	10	15	25	1	1	inputPath1	
231	job231	970	609	697	1334334590	30	10	15	25	1	1	inputPath2	
232	job232	53088744165	1510005522	5759777	1334334621	3000	30000	10000	40000	800	10	inputPath3	
233	job233	61873748853	1387369304	5840114	1334334630	4000	40000	15000	55000	900	10	
234	job234	404	22	191	1334334633	30	10	15	25	1	1	
235	job235	1483413	0	17296097682	1334334643	1000	100	30000	30100	1	100	
236	job236	404	22	191	1334334646	30	10	15	25	1	1	inputPath7	outputPath7	
237	job237	25526958	300	24106570	1334334652	50	20	25	45	1	1	inputPath8	outputPath8	
238	job238	6913085573	1380194628	2464	1334334660	400	4000	1500	5500	90	2	inputPath9	outputPath9	
239	job239	123701	0	1480875	1334334668	20	10	5	15	1	1	inputPath10	outputPath10	
240	job240	1762	0	14347	1334334768	30	10	15	25	1	1	inputPath1	
241	job241	970	609	697	1334334799	30	10	15	25	1	1	inputPath2	
242	job242	53088744165	1510005522	5759777	1334334830	3000	30000	10000	40000	800	10	inputPath3	
243	job243	61873748853	1387369304	5840114	1334334839	4000	40000	15000	55000	900	10	
244	job244	404	22	191	1334334842	30	10	15	25	1	1	
245	job245	1483413	0	17296097682	1334334852	1000	100	30000	30100	1	100	
246	job246	404	22	191	1334334855	30	10	15	25	1	1	inputPath7	outputPath7	
247	job247	25526958	300	24106570	1334334861	50	20	25	45	1	1	inputPath8	outputPath8	
248	job248	6913085573	1380194628	2464	1334334869	400	4000	1500	5500	90	2	inputPath9	outputPath9	
249	job249	123701	0	1480875	1334334877	20	10	5	15	1	1	inputPath10	outputPath10	
250	job250	1762	0	14347	1334334977	30	10	15	25	1	1	inputPath1	
251	job251	970	609	697	1334335008	30	10	15	25	1	1	inputPath2	
252	job252	53088744165	1510005522	5759777	1334335039	3000	30000	10000	40000	800	10	inputPath3	
253	job253	61873748853	1387369304	5840114	1334335048	4000	40000	15000	55000	900	10	
254	job254	404	22	191	1334335051	30	10	15	25	1	1	
255	job255	1483413	0	17296097682	1334335061	1000	100	30000	30100	1	100	
256	job256	404	22	191	1334335064	30	10	15	25	1	1	inputPath7	outputPath7	
257	job257	25526958	300	24106570	1334335070	50	20	25	45	1	1	inputPath8	outputPath8	
258	job258	6913085573	1380194628	2464	1334335078	400	4000	1500	5500	90	2	inputPath9	outputPath9	
259	job259	123701	0	1480875	1334335086	20	10	5	15	1	1	inputPath10	outputPath10	
260	job260	1762	0	14347	1334335186	30	10	15	25	1	1	inputPath1	
261	job261	970	609	697	1334335217	30	10	15	25	1	1	inputPath2	
262	job262	53088744165	1510005522	5759777	1334335248	3000	30000	10000	40000	800	10	inputPath3	
263	job263	61873748853	1387369304	5840114	1334335257	4000	40000	15000	55000	900	10	
264	job264	404	22	191	1334335260	30	10	15	25	1	1	
265	job265	1483413	0	17296097682	1334335270	1000	100	30000	30100	1	100	
266	job266	404	22	191	1334335273	30	10	15	25	1	1	inputPath7	outputPath7	
267	job267	25526958	300	24106570	1334335279	50	20	25	45	1	1	inputPath8	outputPath8	
268	job268	6913085573	1380194628	2464	1334335287	400	4000	1500	5500	90	2	inputPath9	outputPath9	
269	job269	123701	0	1480875	1334335295	20	10	5	15	1	1	inputPath10	outputPath10	
270	job270	1762	0	14347	1334335395	30	10	15	25	1	1	inputPath1	
271	job271	970	609	697	1334335426	30	10	15	25	1	1	inputPath2	
272	job272	53088744165	1510005522	5759777	1334335457	3000	30000	10000	40000	800	10	inputPath3	
273	job273	61873748853	1387369304	5840114	1334335466	4000	40000	15000	55000	900	10	
274	job274	404	22	191	1334335469	30	10	15	25	1	1	
275	job275	1483413	0	17296097682	1334335479	1000	100	30000	30100	1	100	
276	job276	404	22	191	1334335482	30	10	15	25	1	1	inputPath7	outputPath7	
277	job277	25526958	300	24106570	1334335488	50	20	25	45	1	1	inputPath8	outputPath8	
278	job278	6913085573	1380194628	2464	1334335496	400	4000	1500	5500	90	2	inputPath9	outputPath9	
279	job279	123701	0	1480875	1334335504	20	10	5	15	1	1	inputPath10	outputPath10	
280	job280	1762	0	14347	1334335604	30	10	15	25	1	1	inputPath1	
281	job281	970	609	697	1334335635	30	10	15	25	1	1	inputPath2	
282	job282	53088744165	1510005522	5759777	1334335666	3000	30000	10000	40000	800	10	inputPath3	
283	job283	61873748853	1387369304	5840114	1334335675	4000	40000	15000	55000	900	10	
284	job284	404	22	191	1334335678	30	10	15	25	1	1	
285	job285	1483413	0	17296097682	1334335688	1000	100	30000	30100	1	100	
286	job286	404	22	191	1334335691	30	10	15	25	1	1	inputPath7	outputPath7	
287	job287	25526958	300	24106570	1334335697	50	20	25	45	1	1	inputPath8	outputPath8	
288	job288	6913085573	1380194628	2464	1334335705	400	4000	1500	5500	90	2	inputPath9	outputPath9	
289	job289	123701	0	1480875	1334335713	20	10	5	15	1	1	inputPath10	outputPath10	
290	job290	1762	0	14347	1334335813	30	10	15	25	1	1	inputPath1	
291	job291	970	609	697	1334335844	30	10	15	25	1	1	inputPath2	
292	job292	53088744165	1510005522	5759777	1334335875	3000	30000	10000	40000	800	10	inputPath3	
293	job293	61873748853	1387369304	5840114	1334335884	4000	40000	15000	55000	900	10	
294	job294	404	22	191	1334335887	30	10	15	25	1	1	
295	job295	1483413	0	17296097682	1334335897	1000	100	30000	30100	1	100	
296	job296	404	22	191	1334335900	30	10	15	25	1	1	inputPath7	outputPath7	
297	job297	25526958	300	24106570	1334335906	50	20	25	45	1	1	inputPath8	outputPath8	
298	job298	6913085573	1380194628	2464	1334335914	400	4000	1500	5500	90	2	inputPath9	outputPath9	
299	job299	123701	0	1480875	1334335922	20	10	5	15	1	1	inputPath10	outputPath10	
300	job300	1762	0	14347	1334336022	30	10	15	25	1	1	inputPath1	
301	job301	970	609	697	1334336053	30	10	15	25	1	1	inputPath2	
302	job302	53088744165	1510005522	5759777	1334336084	3000	30000	10000	40000	800	10	inputPath3	
303	job303	61873748853	1387369304	5840114	1334336093	4000	40000	15000	55000	900	10	
304	job304	404	22	191	1334336096	30	10	15	25	1	1	
305	job305	1483413	0	17296097682	1334336106	1000	100	30000	30100	1	100	
306	job306	404	22	191	1334336109	30	10	15	25	1	1	inputPath7	outputPath7	
307	job307	25526958	300	24106570	1334336115	50	20	25	45	1	1	inputPath8	outputPath8	
308	job308	6913085573	1380194628	2464	1334336123	400	4000	1500	5500	90	2	inputPath9	outputPath9	
309	job309	123701	0	1480875	1334336131	20	10	5	15	1	1	inputPath10	outputPath10	
310	job310	1762	0	14347	1334336231	30	10	15	25	1	1	inputPath1	
311	job311	970	609	697	1334336262	30	10	15	25	1	1	inputPath2	
312	job312	53088744165	1510005522	5759777	1334336293	3000	30000	10000	40000	800	10	inputPath3	
313	job313	61873748853	1387369304	5840114	1334336302	4000	40000	15000	55000	900	10	
314	job314	404	22	191	1334336305	30	10	15	25	1	1	
315	job315	1483413	0	17296097682	1334336315	1000	100	30000	30100	1	100	
316	job316	404	22	191	1334336318	30	10	15	25	1	1	inputPath7	outputPath7	
317	job317	25526958	300	24106570	1334336324	50	20	25	45	1	1	inputPath8	outputPath8	
318	job318	6913085573	1380194628	2464	1334336332	400	4000	1500	5500	90	2	inputPath9	outputPath9	
319	job319	123701	0	1480875	1334336340	20	10	5	15	1	1	inputPath10	outputPath10	
320	job320	1762	0	14347	1334336440	30	10	15	25	1	1	inputPath1	
321	job321	970	609	697	1334336471	30	10	15	25	1	1	inputPath2	
322	job322	53088744165	1510005522	5759777	1334336502	3000	30000	10000	40000	800	10	inputPath3	
323	job323	61873748853	1387369304	5840114	1334336511	4000	40000	15000	55000	900	10	
324	job324	404	22	191	1334336514	30	10	15	25	1	1	
325	job325	1483413	0	17296097682	1334336524	1000	100	30000	30100	1	100	
326	job326	404	22	191	1334336527	30	10	15	25	1	1	inputPath7	outputPath7	
327	job327	25526958	300	24106570	1334336533	50	20	25	45	1	1	inputPath8	outputPath8	
328	job328	6913085573	1380194628	2464	1334336541	400	4000	1500	5500	90	2	inputPath9	outputPath9	
329	job329	123701	0	1480875	1334336549	20	10	5	15	1	1	inputPath10	outputPath10	
330	job330	1762	0	14347	1334336649	30	10	15	25	1	1	inputPath1	
331	job331	970	609	697	1334336680	30	10	15	25	1	1	inputPath2	
332	job332	53088744165	1510005522	5759777	1334336711	3000	30000	10000	40000	800	10	inputPath3	
333	job333	61873748853	1387369304	5840114	1334336720	4000	40000	15000	55000	900	10	
334	job334	404	22	191	1334336723	30	10	15	25	1	1	
335	job335	1483413	0	17296097682	1334336733	1000	100	30000	30100	1	100	
336	job336	404	22	191	1334336736	30	10	15	25	1	1	inputPath7	outputPath7	
337	job337	25526958	300	24106570	1334336742	50	20	25	45	1	1	inputPath8	outputPath8	
338	job338	6913085573	1380194628	2464	1334336750	400	4000	1500	5500	90	2	inputPath9	outputPath9	
339	job339	123701	0	1480875	1334336758	20	10	5	15	1	1	inputPath10	outputPath10	
340	job340	1762	0	14347	1334336858	30	10	15	25	1	1	inputPath1	
341	job341	970	609	697	1334336889	30	10	15	25	1	1	inputPath2	
342	job342	53088744165	1510005522	5759777	1334336920	3000	30000	10000	40000	800	10	inputPath3	
343	job343	61873748853	1387369304	5840114	1334336929	4000	40000	15000	55000	900	10	
344	job344	404	22	191	1334336932	30	10	15	25	1	1	
345	job345	1483413	0	17296097682	1334336942	1000	100	30000	30100	1	100	
346	job346	404	22	191	1334336945	30	10	15	25	1	1	inputPath7	outputPath7	
347	job347	25526958	300	24106570	1334336951	50	20	25	45	1	1	inputPath8	outputPath8	
348	job348	6913085573	1380194628	2464	1334336959	400	4000	1500	5500	90	2	inputPath9	outputPath9	
349	job349	123701	0	1480875	1334336967	20	10	5	15	1	1	inputPath10	outputPath10	
350	job350	1762	0	14347	1334337067	30	10	15	25	1	1	inputPath1	
351	job351	970	609	697	1334337098	30	10	15	25	1	1	inputPath2	
352	job352	53088744165	1510005522	5759777	1334337129	3000	30000	10000	40000	800	10	inputPath3	
353	job353	61873748853	1387369304	5840114	1334337138	4000	40000	15000	55000	900	10	
354	job354	404	22	191	1334337141	30	10	15	25	1	1	
355	job355	1483413	0	17296097682	1334337151	1000	100	30000	30100	1	100	
356	job356	404	22	191	1334337154	30	10	15	25	1	1	inputPath7	outputPath7	
357	job357	25526958	300	24106570	1334337160	50	20	25	45	1	1	inputPath8	outputPath8	
358	job358	6913085573	1380194628	2464	1334337168	400	4000	1500	5500	90	2	inputPath9	outputPath9	
359	job359	123701	0	1480875	1334337176	20	10	5	15	1	1	inputPath10	outputPath10	
360	job360	1762	0	14347	1334337276	30	10	15	25	1	1	inputPath1	
361	job361	970	609	697	1334337307	30	10	15	25	1	1	inputPath2	
362	job362	53088744165	1510005522	5759777	1334337338	3000	30000	10000	40000	800	10	inputPath3	
363	job363	61873748853	1387369304	5840114	1334337347	4000	40000	15000	55000	900	10	
364	job364	404	22	191	1334337350	30	10	15	25	1	1	
365	job365	1483413	0	17296097682	1334337360	1000	100	30000	30100	1	100	
366	job366	404	22	191	1334337363	30	10	15	25	1	1	inputPath7	outputPath7	
367	job367	25526958	300	24106570	1334337369	50	20	25	45	1	1	inputPath8	outputPath8	
368	job368	6913085573	1380194628	2464	1334337377	400	4000	1500	5500	90	2	inputPath9	outputPath9	
369	job369	123701	0	1480875	1334337385	20	10	5	15	1	1	inputPath10	outputPath10	
370	job370	1762	0	14347	1334337485	30	10	15	25	1	1	inputPath1	
371	job371	970	609	697	1334337516	30	10	15	25	1	1	inputPath2	
372	job372	53088744165	1510005522	5759777	1334337547	3000	30000	10000	40000	800	10	inputPath3	
373	job373	61873748853	1387369304	5840114	1334337556	4000	40000	15000	55000	900	10	
374	job374	404	22	191	1334337559	30	10	15	25	1	1	
375	job375	1483413	0	17296097682	1334337569	1000	100	30000	30100	1	100	
376	job376	404	22	191	1334337572	30	10	15	25	1	1	inputPath7	outputPath7	
377	job377	25526958	300	24106570	1334337578	50	20	25	45	1	1	inputPath8	outputPath8	
378	job378	6913085573	1380194628	2464	1334337586	400	4000	1500	5500	90	2	inputPath9	outputPath9	
379	job379	123701	0	1480875	1334337594	20	10	5	15	1	1	inputPath10	outputPath10	
380	job380	1762	0	14347	1334337694	30	10	15	25	1	1	inputPath1	
381	job381	970	609	697	1334337725	30	10	15	25	1	1	inputPath2	
382	job382	53088744165	1510005522	5759777	1334337756	3000	30000	10000	40000	800	10	inputPath3	
383	job383	61873748853	1387369304	5840114	1334337765	4000	40000	15000	55000	900	10	
384	job384	404	22	191	1334337768	30	10	15	25	1	1	
385	job385	1483413	0	17296097682	1334337778	1000	100	30000	30100	1	100	
386	job386	404	22	191	1334337781	30	10	15	25	1	1	inputPath7	outputPath7	
387	job387	25526958	300	24106570	1334337787	50	20	25	45	1	1	inputPath8	outputPath8	
388	job388	6913085573	1380194628	2464	1334337795	400	4000	1500	5500	90	2	inputPath9	outputPath9	
389	job389	123701	0	1480875	1334337803	20	10	5	15	1	1	inputPath10	outputPath10	
390	job390	1762	0	14347	1334337903	30	10	15	25	1	1	inputPath1	
391	job391	970	609	697	1334337934	30	10	15	25	1	1	inputPath2	
392	job392	53088744165	1510005522	5759777	1334337965	3000	30000	10000	40000	800	10	inputPath3	
393	job393	61873748853	1387369304	5840114	1334337974	4000	40000	15000	55000	900	10	
394	job394	404	22	191	1334337977	30	10	15	25	1	1	
395	job395	1483413	0	17296097682	1334337987	1000	100	30000	30100	1	100	
396	job396	404	22	191	1334337990	30	10	15	25	1	1	inputPath7	outputPath7	
397	job397	25526958	300	24106570	1334337996	50	20	25	45	1	1	inputPath8	outputPath8	
398	job398	6913085573	1380194628	2464	1334338004	400	4000	1500	5500	90	2	inputPath9	outputPath9	
399	job399	123701	0	1480875	1334338012	20	10	5	15	1	1	inputPath10	outputPath10	
400	job400	1762	0	14347	1334338112	30	10	15	25	1	1	inputPath1	
401	job401	970	609	697	1334338143	30	10	15	25	1	1	inputPath2	
402	job402	53088744165	1510005522	5759777	1334338174	3000	30000	10000	40000	800	10	inputPath3	
403	job403	61873748853	1387369304	5840114	1334338183	4000	40000	15000	55000	900	10	
404	job404	404	22	191	1334338186	30	10	15	25	1	1	
405	job405	1483413	0	17296097682	1334338196	1000	100	30000	30100	1	100	
406	job406	404	22	191	1334338199	30	10	15	25	1	1	inputPath7	outputPath7	
407	job407	25526958	300	24106570	1334338205	50	20	25	45	1	1	inputPath8	outputPath8	
408	job408	6913085573	1380194628	2464	1334338213	400	4000	1500	5500	90	2	inputPath9	outputPath9	
409	job409	123701	0	1480875	1334338221	20	10	5	15	1	1	inputPath10	outputPath10	
410	job410	1762	0	14347	1334338321	30	10	15	25	1	1	inputPath1	
411	job411	970	609	697	1334338352	30	10	15	25	1	1	inputPath2	
412	job412	53088744165	1510005522	5759777	1334338383	3000	30000	10000	40000	800	10	inputPath3	
413	job413	61873748853	1387369304	5840114	1334338392	4000	40000	15000	55000	900	10	
414	job414	404	22	191	1334338395	30	10	15	25	1	1	
415	job415	1483413	0	17296097682	1334338405	1000	100	30000	30100	1	100	
416	job416	404	22	191	1334338408	30	10	15	25	1	1	inputPath7	outputPath7	
417	job417	25526958	300	24106570	1334338414	50	20	25	45	1	1	inputPath8	outputPath8	
418	job418	6913085573	1380194628	2464	1334338422	400	4000	1500	5500	90	2	inputPath9	outputPath9	
419	job419	123701	0	1480875	1334338430	20	10	5	15	1	1	inputPath10	outputPath10	
420	job420	1762	0	14347	1334338530	30	10	15	25	1	1	inputPath1	
421	job421	970	609	697	1334338561	30	10	15	25	1	1	inputPath2	
422	job422	53088744165	1510005522	5759777	1334338592	3000	30000	10000	40000	800	10	inputPath3	
423	job423	61873748853	1387369304	5840114	1334338601	4000	40000	15000	55000	900	10	
424	job424	404	22	191	1334338604	30	10	15	25	1	1	
425	job425	1483413	0	17296097682	1334338614	1000	100	30000	30100	1	100	
426	job426	404	22	191	1334338617	30	10	15	25	1	1	inputPath7	outputPath7	
427	job427	25526958	300	24106570	1334338623	50	20	25	45	1	1	inputPath8	outputPath8	
428	job428	6913085573	1380194628	2464	1334338631	400	4000	1500	5500	90	2	inputPath9	outputPath9	
429	job429	123701	0	1480875	1334338639	20	10	5	15	1	1	inputPath10	outputPath10	
430	job430	1762	0	14347	1334338739	30	10	15	25	1	1	inputPath1	
431	job431	970	609	697	1334338770	30	10	15	25	1	1	inputPath2	
432	job432	53088744165	1510005522	5759777	1334338801	3000	30000	10000	40000	800	10	inputPath3	
433	job433	61873748853	1387369304	5840114	1334338810	4000	40000	15000	55000	900	10	
434	job434	404	22	191	1334338813	30	10	15	25	1	1	
435	job435	1483413	0	17296097682	1334338823	1000	100	30000	30100	1	100	
436	job436	404	22	191	1334338826	30	10	15	25	1	1	inputPath7	outputPath7	
437	job437	25526958	300	24106570	1334338832	50	20	25	45	1	1	inputPath8	outputPath8	
438	job438	6913085573	1380194628	2464	1334338840	400	4000	1500	5500	90	2	inputPath9	outputPath9	
439	job439	123701	0	1480875	1334338848	20	10	5	15	1	1	inputPath10	outputPath10	
440	job440	1762	0	14347	1334338948	30	10	15	25	1	1	inputPath1	
441	job441	970	609	697	1334338979	30	10	15	25	1	1	inputPath2	
442	job442	53088744165	1510005522	5759777	1334339010	3000	30000	10000	40000	800	10	inputPath3	
443	job443	61873748853	1387369304	5840114	1334339019	4000	40000	15000	55000	900	10	
444	job444	404	22	191	1334339022	30	10	15	25	1	1	
445	job445	1483413	0	17296097682	1334339032	1000	100	30000	30100	1	100	
446	job446	404	22	191	1334339035	30	10	15	25	1	1	inputPath7	outputPath7	
447	job447	25526958	300	24106570	1334339041	50	20	25	45	1	1	inputPath8	outputPath8	
448	job448	6913085573	1380194628	2464	1334339049	400	4000	1500	5500	90	2	inputPath9	outputPath9	
449	job449	123701	0	1480875	1334339057	20	10	5	15	1	1	inputPath10	outputPath10	
450	job450	1762	0	14347	1334339157	30	10	15	25	1	1	inputPath1	
451	job451	970	609	697	1334339188	30	10	15	25	1	1	inputPath2	
452	job452	53088744165	1510005522	5759777	1334339219	3000	30000	10000	40000	800	10	inputPath3	
453	job453	61873748853	1387369304	5840114	1334339228	4000	40000	15000	55000	900	10	
454	job454	404	22	191	1334339231	30	10	15	25	1	1	
455	job455	1483413	0	17296097682	1334339241	1000	100	30000	30100	1	100	
456	job456	404	22	191	1334339244	30	10	15	25	1	1	inputPath7	outputPath7	
457	job457	25526958	300	24106570	1334339250	50	20	25	45	1	1	inputPath8	outputPath8	
458	job458	6913085573	1380194628	2464	1334339258	400	4000	1500	5500	90	2	inputPath9	outputPath9	
459	job459	123701	0	1480875	1334339266	20	10	5	15	1	1	inputPath10	outputPath10	
460	job460	1762	0	14347	1334339366	30	10	15	25	1	1	inputPath1	
461	job461	970	609	697	1334339397	30	10	15	25	1	1	inputPath2	
462	job462	53088744165	1510005522	5759777	1334339428	3000	30000	10000	40000	800	10	inputPath3	
463	job463	61873748853	1387369304	5840114	1334339437	4000	40000	15000	55000	900	10	
464	job464	404	22	191	1334339440	30	10	15	25	1	1	
465	job465	1483413	0	17296097682	1334339450	1000	100	30000	30100	1	100	
466	job466	404	22	191	1334339453	30	10	15	25	1	1	inputPath7	outputPath7	
467	job467	25526958	300	24106570	1334339459	50	20	25	45	1	1	inputPath8	outputPath8	
468	job468	6913085573	1380194628	2464	1334339467	400	4000	1500	5500	90	2	inputPath9	outputPath9	
469	job469	123701	0	1480875	1334339475	20	10	5	15	1	1	inputPath10	outputPath10	
470	job470	1762	0	14347	1334339575	30	10	15	25	1	1	inputPath1	
471	job471	970	609	697	1334339606	30	10	15	25	1	1	inputPath2	
472	job472	53088744165	1510005522	5759777	1334339637	3000	30000	10000	40000	800	10	inputPath3	
473	job473	61873748853	1387369304	5840114	1334339646	4000	40000	15000	55000	900	10	
474	job474	404	22	191	1334339649	30	10	15	25	1	1	
475	job475	1483413	0	17296097682	1334339659	1000	100	30000	30100	1	100	
476	job476	404	22	191	1334339662	30	10	15	25	1	1	inputPath7	outputPath7	
477	job477	25526958	300	24106570	1334339668	50	20	25	45	1	1	inputPath8	outputPath8	
478	job478	6913085573	1380194628	2464	1334339676	400	4000	1500	5500	90	2	inputPath9	outputPath9	
479	job479	123701	0	1480875	1334339684	20	10	5	15	1	1	inputPath10	outputPath10	
480	job480	1762	0	14347	1334339784	30	10	15	25	1	1	inputPath1	
481	job481	970	609	697	1334339815	30	10	15	25	1	1	inputPath2	
482	job482	53088744165	1510005522	5759777	1334339846	3000	30000	10000	40000	800	10	inputPath3	
483	job483	61873748853	1387369304	5840114	1334339855	4000	40000	15000	55000	900	10	
484	job484	404	22	191	1334339858	30	10	15	25	1	1	
485	job485	1483413	0	17296097682	1334339868	1000	100	30000	30100	1	100	
486	job486	404	22	191	1334339871	30	10	15	25	1	1	inputPath7	outputPath7	
487	job487	25526958	300	24106570	1334339877	50	20	25	45	1	1	inputPath8	outputPath8	
488	job488	6913085573	1380194628	2464	1334339885	400	4000	1500	5500	90	2	inputPath9	outputPath9	
489	job489	123701	0	1480875	1334339893	20	10	5	15	1	1	inputPath10	outputPath10	
490	job490	1762	0	14347	1334339993	30	10	15	25	1	1	inputPath1	
491	job491	970	609	697	1334340024	30	10	15	25	1	1	inputPath2	
492	job492	53088744165	1510005522	5759777	1334340055	3000	30000	10000	40000	800	10	inputPath3	
493	job493	61873748853	1387369304	5840114	1334340064	4000	40000	15000	55000	900	10	
494	job494	404	22	191	1334340067	30	10	15	25	1	1	
495	job495	1483413	0	17296097682	1334340077	1000	100	30000	30100	1	100	
496	job496	404	22	191	1334340080	30	10	15	25	1	1	inputPath7	outputPath7	
497	job497	25526958	300	24106570	1334340086	50	20	25	45	1	1	inputPath8	outputPath8	
498	job498	6913085573	1380194628	2464	1334340094	400	4000	1500	5500	90	2	inputPath9	outputPath9	
499	job499	123701	0	1480875	1334340102	20	10	5	15	1	1	inputPath10	outputPath10	
500	job500	1762	0	14347	1334340202	30	10	15	25	1	1	inputPath1	
501	job501	970	609	697	1334340233	30	10	15	25	1	1	inputPath2	
502	job502	53088744165	1510005522	5759777	1334340264	3000	30000	10000	40000	800	10	inputPath3	
503	job503	61873748853	1387369304	5840114	1334340273	4000	40000	15000	55000	900	10	
504	job504	404	22	191	1334340276	30	10	15	25	1	1	
505	job505	1483413	0	17296097682	1334340286	1000	100	30000	30100	1	100	
506	job506	404	22	191	1334340289	30	10	15	25	1	1	inputPath7	outputPath7	
507	job507	25526958	300	24106570	1334340295	50	20	25	45	1	1	inputPath8	outputPath8	
508	job508	6913085573	1380194628	2464	1334340303	400	4000	1500	5500	90	2	inputPath9	outputPath9	
509	job509	123701	0	1480875	1334340311	20	10	5	15	1	1	inputPath10	outputPath10	
510	job510	1762	0	14347	1334340411	30	10	15	25	1	1	inputPath1	
511	job511	970	609	697	1334340442	30	10	15	25	1	1	inputPath2	
512	job512	53088744165	1510005522	5759777	1334340473	3000	30000	10000	40000	800	10	inputPath3	
513	job513	61873748853	1387369304	5840114	1334340482	4000	40000	15000	55000	900	10	
514	job514	404	22	191	1334340485	30	10	15	25	1	1	
515	job515	1483413	0	17296097682	1334340495	1000	100	30000	30100	1	100	
516	job516	404	22	191	1334340498	30	10	15	25	1	1	inputPath7	outputPath7	
517	job517	25526958	300	24106570	1334340504	50	20	25	45	1	1	inputPath8	outputPath8	
518	job518	6913085573	1380194628	2464	1334340512	400	4000	1500	5500	90	2	inputPath9	outputPath9	
519	job519	123701	0	1480875	1334340520	20	10	5	15	1	1	inputPath10	outputPath10	
520	job520	1762	0	14347	1334340620	30	10	15	25	1	1	inputPath1	
521	job521	970	609	697	1334340651	30	10	15	25	1	1	inputPath2	
522	job522	53088744165	1510005522	5759777	1334340682	3000	30000	10000	40000	800	10	inputPath3	
523	job523	61873748853	1387369304	5840114	1334340691	4000	40000	15000	55000	900	10	
524	job524	404	22	191	1334340694	30	10	15	25	1	1	
525	job525	1483413	0	17296097682	1334340704	1000	100	30000	30100	1	100	
526	job526	404	22	191	1334340707	30	10	15	25	1	1	inputPath7	outputPath7	
527	job527	25526958	300	24106570	1334340713	50	20	25	45	1	1	inputPath8	outputPath8	
528	job528	6913085573	1380194628	2464	1334340721	400	4000	1500	5500	90	2	inputPath9	outputPath9	
529	job529	123701	0	1480875	1334340729	20	10	5	15	1	1	inputPath10	outputPath10	
530	job530	1762	0	14347	1334340829	30	10	15	25	1	1	inputPath1	
531	job531	970	609	697	1334340860	30	10	15	25	1	1	inputPath2	
532	job532	53088744165	1510005522	5759777	1334340891	3000	30000	10000	40000	800	10	inputPath3	
533	job533	61873748853	1387369304	5840114	1334340900	4000	40000	15000	55000	900	10	
534	job534	404	22	191	1334340903	30	10	15	25	1	1	
535	job535	1483413	0	17296097682	1334340913	1000	100	30000	30100	1	100	
536	job536	404	22	191	1334340916	30	10	15	25	1	1	inputPath7	outputPath7	
537	job537	25526958	300	24106570	1334340922	50	20	25	45	1	1	inputPath8	outputPath8	
538	job538	6913085573	1380194628	2464	1334340930	400	4000	1500	5500	90	2	inputPath9	outputPath9	
539	job539	123701	0	1480875	1334340938	20	10	5	15	1	1	inputPath10	outputPath10	
540	job540	1762	0	14347	1334341038	30	10	15	25	1	1	inputPath1	
541	job541	970	609	697	1334341069	30	10	15	25	1	1	inputPath2	
542	job542	53088744165	1510005522	5759777	1334341100	3000	30000	10000	40000	800	10	inputPath3	
543	job543	61873748853	1387369304	5840114	1334341109	4000	40000	15000	55000	900	10	
544	job544	404	22	191	1334341112	30	10	15	25	1	1	
545	job545	1483413	0	17296097682	1334341122	1000	100	30000	30100	1	100	
546	job546	404	22	191	1334341125	30	10	15	25	1	1	inputPath7	outputPath7	
547	job547	25526958	300	24106570	1334341131	50	20	25	45	1	1	inputPath8	outputPath8	
548	job548	6913085573	1380194628	2464	1334341139	400	4000	1500	5500	90	2	inputPath9	outputPath9	
549	job549	123701	0	1480875	1334341147	20	10	5	15	1	1	inputPath10	outputPath10	
550	job550	1762	0	14347	1334341247	30	10	15	25	1	1	inputPath1	
551	job551	970	609	697	1334341278	30	10	15	25	1	1	inputPath2	
552	job552	53088744165	1510005522	5759777	1334341309	3000	30000	10000	40000	800	10	inputPath3	
553	job553	61873748853	1387369304	5840114	1334341318	4000	40000	15000	55000	900	10	
554	job554	404	22	191	1334341321	30	10	15	25	1	1	
555	job555	1483413	0	17296097682	1334341331	1000	100	30000	30100	1	100	
556	job556	404	22	191	1334341334	30	10	15	25	1	1	inputPath7	outputPath7	
557	job557	25526958	300	24106570	1334341340	50	20	25	45	1	1	inputPath8	outputPath8	
558	job558	6913085573	1380194628	2464	1334341348	400	4000	1500	5500	90	2	inputPath9	outputPath9	
559	job559	123701	0	1480875	1334341356	20	10	5	15	1	1	inputPath10	outputPath10	
560	job560	1762	0	14347	1334341456	30	10	15	25	1	1	inputPath1	
561	job561	970	609	697	1334341487	30	10	15	25	1	1	inputPath2	
562	job562	53088744165	1510005522	5759777	1334341518	3000	30000	10000	40000	800	10	inputPath3	
563	job563	61873748853	1387369304	5840114	1334341527	4000	40000	15000	55000	900	10	
564	job564	404	22	191	1334341530	30	10	15	25	1	1	
565	job565	1483413	0	17296097682	1334341540	1000	100	30000	30100	1	100	
566	job566	404	22	191	1334341543	30	10	15	25	1	1	inputPath7	outputPath7	
567	job567	25526958	300	24106570	1334341549	50	20	25	45	1	1	inputPath8	outputPath8	
568	job568	6913085573	1380194628	2464	1334341557	400	4000	1500	5500	90	2	inputPath9	outputPath9	
569	job569	123701	0	1480875	1334341565	20	10	5	15	1	1	inputPath10	outputPath10	
570	job570	1762	0	14347	1334341665	30	10	15	25	1	1	inputPath1	
571	job571	970	609	697	1334341696	30	10	15	25	1	1	inputPath2	
572	job572	53088744165	1510005522	5759777	1334341727	3000	30000	10000	40000	800	10	inputPath3	
573	job573	61873748853	1387369304	5840114	1334341736	4000	40000	15000	55000	900	10	
574	job574	404	22	191	1334341739	30	10	15	25	1	1	
575	job575	1483413	0	17296097682	1334341749	1000	100	30000	30100	1	100	
576	job576	404	22	191	1334341752	30	10	15	25	1	1	inputPath7	outputPath7	
577	job577	25526958	300	24106570	1334341758	50	20	25	45	1	1	inputPath8	outputPath8	
578	job578	6913085573	1380194628	2464	1334341766	400	4000	1500	5500	90	2	inputPath9	outputPath9	
579	job579	123701	0	1480875	1334341774	20	10	5	15	1	1	inputPath10	outputPath10	
580	job580	1762	0	14347	1334341874	30	10	15	25	1	1	inputPath1	
581	job581	970	609	697	1334341905	30	10	15	25	1	1	inputPath2	
582	job582	53088744165	1510005522	5759777	1334341936	3000	30000	10000	40000	800	10	inputPath3	
583	job583	61873748853	1387369304	5840114	1334341945	4000	40000	15000	55000	900	10	
584	job584	404	22	191	1334341948	30	10	15	25	1	1	
585	job585	1483413	0	17296097682	1334341958	1000	100	30000	30100	1	100	
586	job586	404	22	191	1334341961	30	10	15	25	1	1	inputPath7	outputPath7	
587	job587	25526958	300	24106570	1334341967	50	20	25	45	1	1	inputPath8	outputPath8	
588	job588	6913085573	1380194628	2464	1334341975	400	4000	1500	5500	90	2	inputPath9	outputPath9	
589	job589	123701	0	1480875	1334341983	20	10	5	15	1	1	inputPath10	outputPath10	
590	job590	1762	0	14347	1334342083	30	10	15	25	1	1	inputPath1	
591	job591	970	609	697	1334342114	30	10	15	25	1	1	inputPath2	
592	job592	53088744165	1510005522	5759777	1334342145	3000	30000	10000	40000	800	10	inputPath3	
593	job593	61873748853	1387369304	5840114	1334342154	4000	40000	15000	55000	900	10	
594	job594	404	22	191	1334342157	30	10	15	25	1	1	
595	job595	1483413	0	17296097682	1334342167	1000	100	30000	30100	1	100	
596	job596	404	22	191	1334342170	30	10	15	25	1	1	inputPath7	outputPath7	
597	job597	25526958	300	24106570	1334342176	50	20	25	45	1	1	inputPath8	outputPath8	
598	job598	6913085573	1380194628	2464	1334342184	400	4000	1500	5500	90	2	inputPath9	outputPath9	
599	job599	123701	0	1480875	1334342192	20	10	5	15	1	1	inputPath10	outputPath10	
600	job600	1762	0	14347	1334342292	30	10	15	25	1	1	inputPath1	
601	job601	970	609	697	1334342323	30	10	15	25	1	1	inputPath2	
602	job602	53088744165	1510005522	5759777	1334342354	3000	30000	10000	40000	800	10	inputPath3	
603	job603	61873748853	1387369304	5840114	1334342363	4000	40000	15000	55000	900	10	
604	job604	404	22	191	1334342366	30	10	15	25	1	1	
605	job605	1483413	0	17296097682	1334342376	1000	100	30000	30100	1	100	
606	job606	404	22	191	1334342379	30	10	15	25	1	1	inputPath7	outputPath7	
607	job607	25526958	300	24106570	1334342385	50	20	25	45	1	1	inputPath8	outputPath8	
608	job608	6913085573	1380194628	2464	1334342393	400	4000	1500	5500	90	2	inputPath9	outputPath9	
609	job609	123701	0	1480875	1334342401	20	10	5	15	1	1	inputPath10	outputPath10	
610	job610	1762	0	14347	1334342501	30	10	15	25	1	1	inputPath1	
611	job611	970	609	697	1334342532	30	10	15	25	1	1	inputPath2	
612	job612	53088744165	1510005522	5759777	1334342563	3000	30000	10000	40000	800	10	inputPath3	
613	job613	61873748853	1387369304	5840114	1334342572	4000	40000	15000	55000	900	10	
614	job614	404	22	191	1334342575	30	10	15	25	1	1	
615	job615	1483413	0	17296097682	1334342585	1000	100	30000	30100	1	100	
616	job616	404	22	191	1334342588	30	10	15	25	1	1	inputPath7	outputPath7	
617	job617	25526958	300	24106570	1334342594	50	20	25	45	1	1	inputPath8	outputPath8	
618	job618	6913085573	1380194628	2464	1334342602	400	4000	1500	5500	90	2	inputPath9	outputPath9	
619	job619	123701	0	1480875	1334342610	20	10	5	15	1	1	inputPath10	outputPath10	
620	job620	1762	0	14347	1334342710	30	10	15	25	1	1	inputPath1	
621	job621	970	609	697	1334342741	30	10	15	25	1	1	inputPath2	
622	job622	53088744165	1510005522	5759777	1334342772	3000	30000	10000	40000	800	10	inputPath3	
623	job623	61873748853	1387369304	5840114	1334342781	4000	40000	15000	55000	900	10	
624	job624	404	22	191	1334342784	30	10	15	25	1	1	
625	job625	1483413	0	17296097682	1334342794	1000	100	30000	30100	1	100	
626	job626	404	22	191	1334342797	30	10	15	25	1	1	inputPath7	outputPath7	
627	job627	25526958	300	24106570	1334342803	50	20	25	45	1	1	inputPath8	outputPath8	
628	job628	6913085573	1380194628	2464	1334342811	400	4000	1500	5500	90	2	inputPath9	outputPath9	
629	job629	123701	0	1480875	1334342819	20	10	5	15	1	1	inputPath10	outputPath10	
630	job630	1762	0	14347	1334342919	30	10	15	25	1	1	inputPath1	
631	job631	970	609	697	1334342950	30	10	15	25	1	1	inputPath2	
632	job632	53088744165	1510005522	5759777	1334342981	3000	30000	10000	40000	800	10	inputPath3	
633	job633	61873748853	1387369304	5840114	1334342990	4000	40000	15000	55000	900	10	
634	job634	404	22	191	1334342993	30	10	15	25	1	1	
635	job635	1483413	0	17296097682	1334343003	1000	100	30000	30100	1	100	
636	job636	404	22	191	1334343006	30	10	15	25	1	1	inputPath7	outputPath7	
637	job637	25526958	300	24106570	1334343012	50	20	25	45	1	1	inputPath8	outputPath8	
638	job638	6913085573	1380194628	2464	1334343020	400	4000	1500	5500	90	2	inputPath9	outputPath9	
639	job639	123701	0	1480875	1334343028	20	10	5	15	1	1	inputPath10	outputPath10	
640	job640	1762	0	14347	1334343128	30	10	15	25	1	1	inputPath1	
641	job641	970	609	697	1334343159	30	10	15	25	1	1	inputPath2	
642	job642	53088744165	1510005522	5759777	1334343190	3000	30000	10000	40000	800	10	inputPath3	
643	job643	61873748853	1387369304	5840114	1334343199	4000	40000	15000	55000	900	10	
644	job644	404	22	191	1334343202	30	10	15	25	1	1	
645	job645	1483413	0	17296097682	1334343212	1000	100	30000	30100	1	100	
646	job646	404	22	191	1334343215	30	10	15	25	1	1	inputPath7	outputPath7	
647	job647	25526958	300	24106570	1334343221	50	20	25	45	1	1	inputPath8	outputPath8	
648	job648	6913085573	1380194628	2464	1334343229	400	4000	1500	5500	90	2	inputPath9	outputPath9	
649	job649	123701	0	1480875	1334343237	20	10	5	15	1	1	inputPath10	outputPath10	
650	job650	1762	0	14347	1334343337	30	10	15	25	1	1	inputPath1	
651	job651	970	609	697	1334343368	30	10	15	25	1	1	inputPath2	
652	job652	53088744165	1510005522	5759777	1334343399	3000	30000	10000	40000	800	10	inputPath3	
653	job653	61873748853	1387369304	5840114	1334343408	4000	40000	15000	55000	900	10	
654	job654	404	22	191	1334343411	30	10	15	25	1	1	
655	job655	1483413	0	17296097682	1334343421	1000	100	30000	30100	1	100	
656	job656	404	22	191	1334343424	30	10	15	25	1	1	inputPath7	outputPath7	
657	job657	25526958	300	24106570	1334343430	50	20	25	45	1	1	inputPath8	outputPath8	
658	job658	6913085573	1380194628	2464	1334343438	400	4000	1500	5500	90	2	inputPath9	outputPath9	
659	job659	123701	0	1480875	1334343446	20	10	5	15	1	1	inputPath10	outputPath10	
660	job660	1762	0	14347	1334343546	30	10	15	25	1	1	inputPath1	
661	job661	970	609	697	1334343577	30	10	15	25	1	1	inputPath2	
662	job662	53088744165	1510005522	5759777	1334343608	3000	30000	10000	40000	800	10	inputPath3	
663	job663	61873748853	1387369304	5840114	1334343617	4000	40000	15000	55000	900	10	
664	job664	404	22	191	1334343620	30	10	15	25	1	1	
665	job665	1483413	0	17296097682	1334343630	1000	100	30000	30100	1	100	
666	job666	404	22	191	1334343633	30	10	15	25	1	1	inputPath7	outputPath7	
667	job667	25526958	300	24106570	1334343639	50	20	25	45	1	1	inputPath8	outputPath8	
668	job668	6913085573	1380194628	2464	1334343647	400	4000	1500	5500	90	2	inputPath9	outputPath9	
669	job669	123701	0	1480875	1334343655	20	10	5	15	1	1	inputPath10	outputPath10	
670	job670	1762	0	14347	1334343755	30	10	15	25	1	1	inputPath1	
671	job671	970	609	697	1334343786	30	10	15	25	1	1	inputPath2	
672	job672	53088744165	1510005522	5759777	1334343817	3000	30000	10000	40000	800	10	inputPath3	
673	job673	61873748853	1387369304	5840114	1334343826	4000	40000	15000	55000	900	10	
674	job674	404	22	191	1334343829	30	10	15	25	1	1	
675	job675	1483413	0	17296097682	1334343839	1000	100	30000	30100	1	100	
676	job676	404	22	191	1334343842	30	10	15	25	1	1	inputPath7	outputPath7	
677	job677	25526958	300	24106570	1334343848	50	20	25	45	1	1	inputPath8	outputPath8	
678	job678	6913085573	1380194628	2464	1334343856	400	4000	1500	5500	90	2	inputPath9	outputPath9	
679	job679	123701	0	1480875	1334343864	20	10	5	15	1	1	inputPath10	outputPath10	
680	job680	1762	0	14347	1334343964	30	10	15	25	1	1	inputPath1	
681	job681	970	609	697	1334343995	30	10	15	25	1	1	inputPath2	
682	job682	53088744165	1510005522	5759777	1334344026	3000	30000	10000	40000	800	10	inputPath3	
683	job683	61873748853	1387369304	5840114	1334344035	4000	40000	15000	55000	900	10	
684	job684	404	22	191	1334344038	30	10	15	25	1	1	
685	job685	1483413	0	17296097682	1334344048	1000	100	30000	30100	1	100	
686	job686	404	22	191	1334344051	30	10	15	25	1	1	inputPath7	outputPath7	
687	job687	25526958	300	24106570	1334344057	50	20	25	45	1	1	inputPath8	outputPath8	
688	job688	6913085573	1380194628	2464	1334344065	400	4000	1500	5500	90	2	inputPath9	outputPath9	
689	job689	123701	0	1480875	1334344073	20	10	5	15	1	1	inputPath10	outputPath10	
690	job690	1762	0	14347	1334344173	30	10	15	25	1	1	inputPath1	
691	job691	970	609	697	1334344204	30	10	15	25	1	1	inputPath2	
692	job692	53088744165	1510005522	5759777	1334344235	3000	30000	10000	40000	800	10	inputPath3	
693	job693	61873748853	1387369304	5840114	1334344244	4000	40000	15000	55000	900	10	
694	job694	404	22	191	1334344247	30	10	15	25	1	1	
695	job695	1483413	0	17296097682	1334344257	1000	100	30000	30100	1	100	
696	job696	404	22	191	1334344260	30	10	15	25	1	1	inputPath7	outputPath7	
697	job697	25526958	300	24106570	1334344266	50	20	25	45	1	1	inputPath8	outputPath8	
698	job698	6913085573	1380194628	2464	1334344274	400	4000	1500	5500	90	2	inputPath9	outputPath9	
699	job699	123701	0	1480875	1334344282	20	10	5	15	1	1	inputPath10	outputPath10	
700	job700	1762	0	14347	1334344382	30	10	15	25	1	1	inputPath1	
701	job701	970	609	697	1334344413	30	10	15	25	1	1	inputPath2	
702	job702	53088744165	1510005522	5759777	1334344444	3000	30000	10000	40000	800	10	inputPath3	
703	job703	61873748853	1387369304	5840114	1334344453	4000	40000	15000	55000	900	10	
704	job704	404	22	191	1334344456	30	10	15	25	1	1	
705	job705	1483413	0	17296097682	1334344466	1000	100	30000	30100	1	100	
706	job706	404	22	191	1334344469	30	10	15	25	1	1	inputPath7	outputPath7	
707	job707	25526958	300	24106570	1334344475	50	20	25	45	1	1	inputPath8	outputPath8	
708	job708	6913085573	1380194628	2464	1334344483	400	4000	1500	5500	90	2	inputPath9	outputPath9	
709	job709	123701	0	1480875	1334344491	20	10	5	15	1	1	inputPath10	outputPath10	
710	job710	1762	0	14347	1334344591	30	10	15	25	1	1	inputPath1	
711	job711	970	609	697	1334344622	30	10	15	25	1	1	inputPath2	
712	job712	53088744165	1510005522	5759777	1334344653	3000	30000	10000	40000	800	10	inputPath3	
713	job713	61873748853	1387369304	5840114	1334344662	4000	40000	15000	55000	900	10	
714	job714	404	22	191	1334344665	30	10	15	25	1	1	
715	job715	1483413	0	17296097682	1334344675	1000	100	30000	30100	1	100	
716	job716	404	22	191	1334344678	30	10	15	25	1	1	inputPath7	outputPath7	
717	job717	25526958	300	24106570	1334344684	50	20	25	45	1	1	inputPath8	outputPath8	
718	job718	6913085573	1380194628	2464	1334344692	400	4000	1500	5500	90	2	inputPath9	outputPath9	
719	job719	123701	0	1480875	1334344700	20	10	5	15	1	1	inputPath10	outputPath10	
720	job720	1762	0	14347	1334344800	30	10	15	25	1	1	inputPath1	
721	job721	970	609	697	1334344831	30	10	15	25	1	1	inputPath2	
722	job722	53088744165	1510005522	5759777	1334344862	3000	30000	10000	40000	800	10	inputPath3	
723	job723	61873748853	1387369304	5840114	1334344871	4000	40000	15000	55000	900	10	
724	job724	404	22	191	1334344874	30	10	15	25	1	1	
725	job725	1483413	0	17296097682	1334344884	1000	100	30000	30100	1	100	
726	job726	404	22	191	1334344887	30	10	15	25	1	1	inputPath7	outputPath7	
727	job727	25526958	300	24106570	1334344893	50	20	25	45	1	1	inputPath8	outputPath8	
728	job728	6913085573	1380194628	2464	1334344901	400	4000	1500	5500	90	2	inputPath9	outputPath9	
729	job729	123701	0	1480875	1334344909	20	10	5	15	1	1	inputPath10	outputPath10	
730	job730	1762	0	14347	1334345009	30	10	15	25	1	1	inputPath1	
731	job731	970	609	697	1334345040	30	10	15	25	1	1	inputPath2	
732	job732	53088744165	1510005522	5759777	1334345071	3000	30000	10000	40000	800	10	inputPath3	
733	job733	61873748853	1387369304	5840114	1334345080	4000	40000	15000	55000	900	10	
734	job734	404	22	191	1334345083	30	10	15	25	1	1	
735	job735	1483413	0	17296097682	1334345093	1000	100	30000	30100	1	100	
736	job736	404	22	191	1334345096	30	10	15	25	1	1	inputPath7	outputPath7	
737	job737	25526958	300	24106570	1334345102	50	20	25	45	1	1	inputPath8	outputPath8	
738	job738	6913085573	1380194628	2464	1334345110	400	4000	1500	5500	90	2	inputPath9	outputPath9	
739	job739	123701	0	1480875	1334345118	20	10	5	15	1	1	inputPath10	outputPath10	
740	job740	1762	0	14347	1334345218	30	10	15	25	1	1	inputPath1	
741	job741	970	609	697	1334345249	30	10	15	25	1	1	inputPath2	
742	job742	53088744165	1510005522	5759777	1334345280	3000	30000	10000	40000	800	10	inputPath3	
743	job743	61873748853	1387369304	5840114	1334345289	4000	40000	15000	55000	900	10	
744	job744	404	22	191	1334345292	30	10	15	25	1	1	
745	job745	1483413	0	17296097682	1334345302	1000	100	30000	30100	1	100	
746	job746	404	22	191	1334345305	30	10	15	25	1	1	inputPath7	outputPath7	
747	job747	25526958	300	24106570	1334345311	50	20	25	45	1	1	inputPath8	outputPath8	
748	job748	6913085573	1380194628	2464	1334345319	400	4000	1500	5500	90	2	inputPath9	outputPath9	
749	job749	123701	0	1480875	1334345327	20	10	5	15	1	1	inputPath10	outputPath10	
750	job750	1762	0	14347	1334345427	30	10	15	25	1	1	inputPath1	
751	job751	970	609	697	1334345458	30	10	15	25	1	1	inputPath2	
752	job752	53088744165	1510005522	5759777	1334345489	3000	30000	10000	40000	800	10	inputPath3	
753	job753	61873748853	1387369304	5840114	1334345498	4000	40000	15000	55000	900	10	
754	job754	404	22	191	1334345501	30	10	15	25	1	1	
755	job755	1483413	0	17296097682	1334345511	1000	100	30000	30100	1	100	
756	job756	404	22	191	1334345514	30	10	15	25	1	1	inputPath7	outputPath7	
757	job757	25526958	300	24106570	1334345520	50	20	25	45	1	1	inputPath8	outputPath8	
758	job758	6913085573	1380194628	2464	1334345528	400	4000	1500	5500	90	2	inputPath9	outputPath9	
759	job759	123701	0	1480875	1334345536	20	10	5	15	1	1	inputPath10	outputPath10	
760	job760	1762	0	14347	1334345636	30	10	15	25	1	1	inputPath1	
761	job761	970	609	697	1334345667	30	10	15	25	1	1	inputPath2	
762	job762	53088744165	1510005522	5759777	1334345698	3000	30000	10000	40000	800	10	inputPath3	
763	job763	61873748853	1387369304	5840114	1334345707	4000	40000	15000	55000	900	10	
764	job764	404	22	191	1334345710	30	10	15	25	1	1	
765	job765	1483413	0	17296097682	1334345720	1000	100	30000	30100	1	100	
766	job766	404	22	191	1334345723	30	10	15	25	1	1	inputPath7	outputPath7	
767	job767	25526958	300	24106570	1334345729	50	20	25	45	1	1	inputPath8	outputPath8	
768	job768	6913085573	1380194628	2464	1334345737	400	4000	1500	5500	90	2	inputPath9	outputPath9	
769	job769	123701	0	1480875	1334345745	20	10	5	15	1	1	inputPath10	outputPath10	
770	job770	1762	0	14347	1334345845	30	10	15	25	1	1	inputPath1	
771	job771	970	609	697	1334345876	30	10	15	25	1	1	inputPath2	
772	job772	53088744165	1510005522	5759777	1334345907	3000	30000	10000	40000	800	10	inputPath3	
773	job773	61873748853	1387369304	5840114	1334345916	4000	40000	15000	55000	900	10	
774	job774	404	22	191	1334345919	30	10	15	25	1	1	
775	job775	1483413	0	17296097682	1334345929	1000	100	30000	30100	1	100	
776	job776	404	22	191	1334345932	30	10	15	25	1	1	inputPath7	outputPath7	
777	job777	25526958	300	24106570	1334345938	50	20	25	45	1	1	inputPath8	outputPath8	
778	job778	6913085573	1380194628	2464	1334345946	400	4000	1500	5500	90	2	inputPath9	outputPath9	
779	job779	123701	0	1480875	1334345954	20	10	5	15	1	1	inputPath10	outputPath10	
780	job780	1762	0	14347	1334346054	30	10	15	25	1	1	inputPath1	
781	job781	970	609	697	1334346085	30	10	15	25	1	1	inputPath2	
782	job782	53088744165	1510005522	5759777	1334346116	3000	30000	10000	40000	800	10	inputPath3	
783	job783	61873748853	1387369304	5840114	1334346125	4000	40000	15000	55000	900	10	
784	job784	404	22	191	1334346128	30	10	15	25	1	1	
785	job785	1483413	0	17296097682	1334346138	1000	100	30000	30100	1	100	
786	job786	404	22	191	1334346141	30	10	15	25	1	1	inputPath7	outputPath7	
787	job787	25526958	300	24106570	1334346147	50	20	25	45	1	1	inputPath8	outputPath8	
788	job788	6913085573	1380194628	2464	1334346155	400	4000	1500	5500	90	2	inputPath9	outputPath9	
789	job789	123701	0	1480875	1334346163	20	10	5	15	1	1	inputPath10	outputPath10	
790	job790	1762	0	14347	1334346263	30	10	15	25	1	1	inputPath1	
791	job791	970	609	697	1334346294	30	10	15	25	1	1	inputPath2	
792	job792	53088744165	1510005522	5759777	1334346325	3000	30000	10000	40000	800	10	inputPath3	
793	job793	61873748853	1387369304	5840114	1334346334	4000	40000	15000	55000	900	10	
794	job794	404	22	191	1334346337	30	10	15	25	1	1	
795	job795	1483413	0	17296097682	1334346347	1000	100	30000	30100	1	100	
796	job796	404	22	191	1334346350	30	10	15	25	1	1	inputPath7	outputPath7	
797	job797	25526958	300	24106570	1334346356	50	20	25	45	1	1	inputPath8	outputPath8	
798	job798	6913085573	1380194628	2464	1334346364	400	4000	1500	5500	90	2	inputPath9	outputPath9	
799	job799	123701	0	1480875	1334346372	20	10	5	15	1	1	inputPath10	outputPath10	
800	job800	1762	0	14347	1334346472	30	10	15	25	1	1	inputPath1	
801	job801	970	609	697	1334346503	30	10	15	25	1	1	inputPath2	
802	job802	53088744165	1510005522	5759777	1334346534	3000	30000	10000	40000	800	10	inputPath3	
803	job803	61873748853	1387369304	5840114	1334346543	4000	40000	15000	55000	900	10	
804	job804	404	22	191	1334346546	30	10	15	25	1	1	
805	job805	1483413	0	17296097682	1334346556	1000	100	30000	30100	1	100	
806	job806	404	22	191	1334346559	30	10	15	25	1	1	inputPath7	outputPath7	
807	job807	25526958	300	24106570	1334346565	50	20	25	45	1	1	inputPath8	outputPath8	
808	job808	6913085573	1380194628	2464	1334346573	400	4000	1500	5500	90	2	inputPath9	outputPath9	
809	job809	123701	0	1480875	1334346581	20	10	5	15	1	1	inputPath10	outputPath10	
810	job810	1762	0	14347	1334346681	30	10	15	25	1	1	inputPath1	
811	job811	970	609	697	1334346712	30	10	15	25	1	1	inputPath2	
812	job812	53088744165	1510005522	5759777	1334346743	3000	30000	10000	40000	800	10	inputPath3	
813	job813	61873748853	1387369304	5840114	1334346752	4000	40000	15000	55000	900	10	
814	job814	404	22	191	1334346755	30	10	15	25	1	1	
815	job815	1483413	0	17296097682	1334346765	1000	100	30000	30100	1	100	
816	job816	404	22	191	1334346768	30	10	15	25	1	1	inputPath7	outputPath7	
817	job817	25526958	300	24106570	1334346774	50	20	25	45	1	1	inputPath8	outputPath8	
818	job818	6913085573	1380194628	2464	1334346782	400	4000	1500	5500	90	2	inputPath9	outputPath9	
819	job819	123701	0	1480875	1334346790	20	10	5	15	1	1	inputPath10	outputPath10	
820	job820	1762	0	14347	1334346890	30	10	15	25	1	1	inputPath1	
821	job821	970	609	697	1334346921	30	10	15	25	1	1	inputPath2	
822	job822	53088744165	1510005522	5759777	1334346952	3000	30000	10000	40000	800	10	inputPath3	
823	job823	61873748853	1387369304	5840114	1334346961	4000	40000	15000	55000	900	10	
824	job824	404	22	191	1334346964	30	10	15	25	1	1	
825	job825	1483413	0	17296097682	1334346974	1000	100	30000	30100	1	100	
826	job826	404	22	191	1334346977	30	10	15	25	1	1	inputPath7	outputPath7	
827	job827	25526958	300	24106570	1334346983	50	20	25	45	1	1	inputPath8	outputPath8	
828	job828	6913085573	1380194628	2464	1334346991	400	4000	1500	5500	90	2	inputPath9	outputPath9	
829	job829	123701	0	1480875	1334346999	20	10	5	15	1	1	inputPath10	outputPath10	
830	job830	1762	0	14347	1334347099	30	10	15	25	1	1	inputPath1	
831	job831	970	609	697	1334347130	30	10	15	25	1	1	inputPath2	
832	job832	53088744165	1510005522	5759777	1334347161	3000	30000	10000	40000	800	10	inputPath3	
833	job833	61873748853	1387369304	5840114	1334347170	4000	40000	15000	55000	900	10	
834	job834	404	22	191	1334347173	30	10	15	25	1	1	
835	job835	1483413	0	17296097682	1334347183	1000	100	30000	30100	1	100	
836	job836	404	22	191	1334347186	30	10	15	25	1	1	inputPath7	outputPath7	
837	job837	25526958	300	24106570	1334347192	50	20	25	45	1	1	inputPath8	outputPath8	
838	job838	6913085573	1380194628	2464	1334347200	400	4000	1500	5500	90	2	inputPath9	outputPath9	
839	job839	123701	0	1480875	1334347208	20	10	5	15	1	1	inputPath10	outputPath10	
840	job840	1762	0	14347	1334347308	30	10	15	25	1	1	inputPath1	
841	job841	970	609	697	1334347339	30	10	15	25	1	1	inputPath2	
842	job842	53088744165	1510005522	5759777	1334347370	3000	30000	10000	40000	800	10	inputPath3	
843	job843	61873748853	1387369304	5840114	1334347379	4000	40000	15000	55000	900	10	
844	job844	404	22	191	1334347382	30	10	15	25	1	1	
845	job845	1483413	0	17296097682	1334347392	1000	100	30000	30100	1	100	
846	job846	404	22	191	1334347395	30	10	15	25	1	1	inputPath7	outputPath7	
847	job847	25526958	300	24106570	1334347401	50	20	25	45	1	1	inputPath8	outputPath8	
848	job848	6913085573	1380194628	2464	1334347409	400	4000	1500	5500	90	2	inputPath9	outputPath9	
849	job849	123701	0	1480875	1334347417	20	10	5	15	1	1	inputPath10	outputPath10	
850	job850	1762	0	14347	1334347517	30	10	15	25	1	1	inputPath1	
851	job851	970	609	697	1334347548	30	10	15	25	1	1	inputPath2	
852	job852	53088744165	1510005522	5759777	1334347579	3000	30000	10000	40000	800	10	inputPath3	
853	job853	61873748853	1387369304	5840114	1334347588	4000	40000	15000	55000	900	10	
854	job854	404	22	191	1334347591	30	10	15	25	1	1	
855	job855	1483413	0	17296097682	1334347601	1000	100	30000	30100	1	100	
856	job856	404	22	191	1334347604	30	10	15	25	1	1	inputPath7	outputPath7	
857	job857	25526958	300	24106570	1334347610	50	20	25	45	1	1	inputPath8	outputPath8	
858	job858	6913085573	1380194628	2464	1334347618	400	4000	1500	5500	90	2	inputPath9	outputPath9	
859	job859	123701	0	1480875	1334347626	20	10	5	15	1	1	inputPath10	outputPath10	
860	job860	1762	0	14347	1334347726	30	10	15	25	1	1	inputPath1	
861	job861	970	609	697	1334347757	30	10	15	25	1	1	inputPath2	
862	job862	53088744165	1510005522	5759777	1334347788	3000	30000	10000	40000	800	10	inputPath3	
863	job863	61873748853	1387369304	5840114	1334347797	4000	40000	15000	55000	900	10	
864	job864	404	22	191	1334347800	30	10	15	25	1	1	
865	job865	1483413	0	17296097682	1334347810	1000	100	30000	30100	1	100	
866	job866	404	22	191	1334347813	30	10	15	25	1	1	inputPath7	outputPath7	
867	job867	25526958	300	24106570	1334347819	50	20	25	45	1	1	inputPath8	outputPath8	
868	job868	6913085573	1380194628	2464	1334347827	400	4000	1500	5500	90	2	inputPath9	outputPath9	
869	job869	123701	0	1480875	1334347835	20	10	5	15	1	1	inputPath10	outputPath10	
870	job870	1762	0	14347	1334347935	30	10	15	25	1	1	inputPath1	
871	job871	970	609	697	1334347966	30	10	15	25	1	1	inputPath2	
872	job872	53088744165	1510005522	5759777	1334347997	3000	30000	10000	40000	800	10	inputPath3	
873	job873	61873748853	1387369304	5840114	1334348006	4000	40000	15000	55000	900	10	
874	job874	404	22	191	1334348009	30	10	15	25	1	1	
875	job875	1483413	0	17296097682	1334348019	1000	100	30000	30100	1	100	
876	job876	404	22	191	1334348022	30	10	15	25	1	1	inputPath7	outputPath7	
877	job877	25526958	300	24106570	1334348028	50	20	25	45	1	1	inputPath8	outputPath8	
878	job878	6913085573	1380194628	2464	1334348036	400	4000	1500	5500	90	2	inputPath9	outputPath9	
879	job879	123701	0	1480875	1334348044	20	10	5	15	1	1	inputPath10	outputPath10	
880	job880	1762	0	14347	1334348144	30	10	15	25	1	1	inputPath1	
881	job881	970	609	697	1334348175	30	10	15	25	1	1	inputPath2	
882	job882	53088744165	1510005522	5759777	1334348206	3000	30000	10000	40000	800	10	inputPath3	
883	job883	61873748853	1387369304	5840114	1334348215	4000	40000	15000	55000	900	10	
884	job884	404	22	191	1334348218	30	10	15	25	1	1	
885	job885	1483413	0	17296097682	1334348228	1000	100	30000	30100	1	100	
886	job886	404	22	191	1334348231	30	10	15	25	1	1	inputPath7	outputPath7	
887	job887	25526958	300	24106570	1334348237	50	20	25	45	1	1	inputPath8	outputPath8	
888	job888	6913085573	1380194628	2464	1334348245	400	4000	1500	5500	90	2	inputPath9	outputPath9	
889	job889	123701	0	1480875	1334348253	20	10	5	15	1	1	inputPath10	outputPath10	
890	job890	1762	0	14347	1334348353	30	10	15	25	1	1	inputPath1	
891	job891	970	609	697	1334348384	30	10	15	25	1	1	inputPath2	
892	job892	53088744165	1510005522	5759777	1334348415	3000	30000	10000	40000	800	10	inputPath3	
893	job893	61873748853	1387369304	5840114	1334348424	4000	40000	15000	55000	900	10	
894	job894	404	22	191	1334348427	30	10	15	25	1	1	
895	job895	1483413	0	17296097682	1334348437	1000	100	30000	30100	1	100	
896	job896	404	22	191	1334348440	30	10	15	25	1	1	inputPath7	outputPath7	
897	job897	25526958	300	24106570	1334348446	50	20	25	45	1	1	inputPath8	outputPath8	
898	job898	6913085573	1380194628	2464	1334348454	400	4000	1500	5500	90	2	inputPath9	outputPath9	
899	job899	123701	0	1480875	1334348462	20	10	5	15	1	1	inputPath10	outputPath10	
900	job900	1762	0	14347	1334348562	30	10	15	25	1	1	inputPath1	
901	job901	970	609	697	1334348593	30	10	15	25	1	1	inputPath2	
902	job902	53088744165	1510005522	5759777	1334348624	3000	30000	10000	40000	800	10	inputPath3	
903	job903	61873748853	1387369304	5840114	1334348633	4000	40000	15000	55000	900	10	
904	job904	404	22	191	1334348636	30	10	15	25	1	1	
905	job905	1483413	0	17296097682	1334348646	1000	100	30000	30100	1	100	
906	job906	404	22	191	1334348649	30	10	15	25	1	1	inputPath7	outputPath7	
907	job907	25526958	300	24106570	1334348655	50	20	25	45	1	1	inputPath8	outputPath8	
908	job908	6913085573	1380194628	2464	1334348663	400	4000	1500	5500	90	2	inputPath9	outputPath9	
909	job909	123701	0	1480875	1334348671	20	10	5	15	1	1	inputPath10	outputPath10	
910	job910	1762	0	14347	1334348771	30	10	15	25	1	1	inputPath1	
911	job911	970	609	697	1334348802	30	10	15	25	1	1	inputPath2	
912	job912	53088744165	1510005522	5759777	1334348833	3000	30000	10000	40000	800	10	inputPath3	
913	job913	61873748853	1387369304	5840114	1334348842	4000	40000	15000	55000	900	10	
914	job914	404	22	191	1334348845	30	10	15	25	1	1	
915	job915	1483413	0	17296097682	1334348855	1000	100	30000	30100	1	100	
916	job916	404	22	191	1334348858	30	10	15	25	1	1	inputPath7	outputPath7	
917	job917	25526958	300	24106570	1334348864	50	20	25	45	1	1	inputPath8	outputPath8	
918	job918	6913085573	1380194628	2464	1334348872	400	4000	1500	5500	90	2	inputPath9	outputPath9	
919	job919	123701	0	1480875	1334348880	20	10	5	15	1	1	inputPath10	outputPath10	
920	job920	1762	0	14347	1334348980	30	10	15	25	1	1	inputPath1	
921	job921	970	609	697	1334349011	30	10	15	25	1	1	inputPath2	
922	job922	53088744165	1510005522	5759777	1334349042	3000	30000	10000	40000	800	10	inputPath3	
923	job923	61873748853	1387369304	5840114	1334349051	4000	40000	15000	55000	900	10	
924	job924	404	22	191	1334349054	30	10	15	25	1	1	
925	job925	1483413	0	17296097682	1334349064	1000	100	30000	30100	1	100	
926	job926	404	22	191	1334349067	30	10	15	25	1	1	inputPath7	outputPath7	
927	job927	25526958	300	24106570	1334349073	50	20	25	45	1	1	inputPath8	outputPath8	
928	job928	6913085573	1380194628	2464	1334349081	400	4000	1500	5500	90	2	inputPath9	outputPath9	
929	job929	123701	0	1480875	1334349089	20	10	5	15	1	1	inputPath10	outputPath10	
930	job930	1762	0	14347	1334349189	30	10	15	25	1	1	inputPath1	
931	job931	970	609	697	1334349220	30	10	15	25	1	1	inputPath2	
932	job932	53088744165	1510005522	5759777	1334349251	3000	30000	10000	40000	800	10	inputPath3	
933	job933	61873748853	1387369304	5840114	1334349260	4000	40000	15000	55000	900	10	
934	job934	404	22	191	1334349263	30	10	15	25	1	1	
935	job935	1483413	0	17296097682	1334349273	1000	100	30000	30100	1	100	
936	job936	404	22	191	1334349276	30	10	15	25	1	1	inputPath7	outputPath7	
937	job937	25526958	300	24106570	1334349282	50	20	25	45	1	1	inputPath8	outputPath8	
938	job938	6913085573	1380194628	2464	1334349290	400	4000	1500	5500	90	2	inputPath9	outputPath9	
939	job939	123701	0	1480875	1334349298	20	10	5	15	1	1	inputPath10	outputPath10	
940	job940	1762	0	14347	1334349398	30	10	15	25	1	1	inputPath1	
941	job941	970	609	697	1334349429	30	10	15	25	1	1	inputPath2	
942	job942	53088744165	1510005522	5759777	1334349460	3000	30000	10000	40000	800	10	inputPath3	
943	job943	61873748853	1387369304	5840114	1334349469	4000	40000	15000	55000	900	10	
944	job944	404	22	191	1334349472	30	10	15	25	1	1	
945	job945	1483413	0	17296097682	1334349482	1000	100	30000	30100	1	100	
946	job946	404	22	191	1334349485	30	10	15	25	1	1	inputPath7	outputPath7	
947	job947	25526958	300	24106570	1334349491	50	20	25	45	1	1	inputPath8	outputPath8	
948	job948	6913085573	1380194628	2464	1334349499	400	4000	1500	5500	90	2	inputPath9	outputPath9	
949	job949	123701	0	1480875	1334349507	20	10	5	15	1	1	inputPath10	outputPath10	
950	job950	1762	0	14347	1334349607	30	10	15	25	1	1	inputPath1	
951	job951	970	609	697	1334349638	30	10	15	25	1	1	inputPath2	
952	job952	53088744165	1510005522	5759777	1334349669	3000	30000	10000	40000	800	10	inputPath3	
953	job953	61873748853	1387369304	5840114	1334349678	4000	40000	15000	55000	900	10	
954	job954	404	22	191	1334349681	30	10	15	25	1	1	
955	job955	1483413	0	17296097682	1334349691	1000	100	30000	30100	1	100	
956	job956	404	22	191	1334349694	30	10	15	25	1	1	inputPath7	outputPath7	
957	job957	25526958	300	24106570	1334349700	50	20	25	45	1	1	inputPath8	outputPath8	
958	job958	6913085573	1380194628	2464	1334349708	400	4000	1500	5500	90	2	inputPath9	outputPath9	
959	job959	123701	0	1480875	1334349716	20	10	5	15	1	1	inputPath10	outputPath10	
960	job960	1762	0	14347	1334349816	30	10	15	25	1	1	inputPath1	
961	job961	970	609	697	1334349847	30	10	15	25	1	1	inputPath2	
962	job962	53088744165	1510005522	5759777	1334349878	3000	30000	10000	40000	800	10	inputPath3	
963	job963	61873748853	1387369304	5840114	1334349887	4000	40000	15000	55000	900	10	
964	job964	404	22	191	1334349890	30	10	15	25	1	1	
965	job965	1483413	0	17296097682	1334349900	1000	100	30000	30100	1	100	
966	job966	404	22	191	1334349903	30	10	15	25	1	1	inputPath7	outputPath7	
967	job967	25526958	300	24106570	1334349909	50	20	25	45	1	1	inputPath8	outputPath8	
968	job968	6913085573	1380194628	2464	1334349917	400	4000	1500	5500	90	2	inputPath9	outputPath9	
969	job969	123701	0	1480875	1334349925	20	10	5	15	1	1	inputPath10	outputPath10	
970	job970	1762	0	14347	1334350025	30	10	15	25	1	1	inputPath1	
971	job971	970	609	697	1334350056	30	10	15	25	1	1	inputPath2	
972	job972	53088744165	1510005522	5759777	1334350087	3000	30000	10000	40000	800	10	inputPath3	
973	job973	61873748853	1387369304	5840114	1334350096	4000	40000	15000	55000	900	10	
974	job974	404	22	191	1334350099	30	10	15	25	1	1	
975	job975	1483413	0	17296097682	1334350109	1000	100	30000	30100	1	100	
976	job976	404	22	191	1334350112	30	10	15	25	1	1	inputPath7	outputPath7	
977	job977	25526958	300	24106570	1334350118	50	20	25	45	1	1	inputPath8	outputPath8	
978	job978	6913085573	1380194628	2464	1334350126	400	4000	1500	5500	90	2	inputPath9	outputPath9	
979	job979	123701	0	1480875	1334350134	20	10	5	15	1	1	inputPath10	outputPath10	
980	job980	1762	0	14347	1334350234	30	10	15	25	1	1	inputPath1	
981	job981	970	609	697	1334350265	30	10	15	25	1	1	inputPath2	
982	job982	53088744165	1510005522	5759777	1334350296	3000	30000	10000	40000	800	10	inputPath3	
983	job983	61873748853	1387369304	5840114	1334350305	4000	40000	15000	55000	900	10	
984	job984	404	22	191	1334350308	30	10	15	25	1	1	
985	job985	1483413	0	17296097682	1334350318	1000	100	30000	30100	1	100	
986	job986	404	22	191	1334350321	30	10	15	25	1	1	inputPath7	outputPath7	
987	job987	25526958	300	24106570	1334350327	50	20	25	45	1	1	inputPath8	outputPath8	
988	job988	6913085573	1380194628	2464	1334350335	400	4000	1500	5500	90	2	inputPath9	outputPath9	
989	job989	123701	0	1480875	1334350343	20	10	5	15	1	1	inputPath10	outputPath10	
990	job990	1762	0	14347	1334350443	30	10	15	25	1	1	inputPath1	
991	job991	970	609	697	1334350474	30	10	15	25	1	1	inputPath2	
992	job992	53088744165	1510005522	5759777	1334350505	3000	30000	10000	40000	800	10	inputPath3	
993	job993	61873748853	1387369304	5840114	1334350514	4000	40000	15000	55000	900	10	
994	job994	404	22	191	1334350517	30	10	15	25	1	1	
995	job995	1483413	0	17296097682	1334350527	1000	100	30000	30100	1	100	
996	job996	404	22	191	1334350530	30	10	15	25	1	1	inputPath7	outputPath7	
997	job997	25526958	300	24106570	1334350536	50	20	25	45	1	1	inputPath8	outputPath8	
998	job998	6913085573	1380194628	2464	1334350544	400	4000	1500	5500	90	2	inputPath9	outputPath9	
999	job999	123701	0	1480875	1334350552	20	10	5	15	1	1	inputPath10	outputPath10	
